3	0	"Japan MSM Co., Ltd."	"Japan MSM Co., Ltd."	1	oda	2003
6	0	ALP	ALP	1	kumomi	2004
8	0	Arata Corporation	Arata Corporation	1	kumomi	2004
9	0	AT Communications Inc.	AT Communications Inc.	1	kumomi	2004
18	0	Framework K.K.	Framework K.K.	1	kumomi	2004
19	0	GE Capital Leasing Corporation	GE Capital Leasing Corporation	1	kumomi	2004
21	0	"Hitachi East Japan Solutions, Ltd"	"Hitachi East Japan Solutions, Ltd"	1	yamazaki	2004
24	0	Intel K.K.	Intel K.K.	1	yamazaki	2004
27	0	Japan Association of Medical Infomatics	Japan Association of Medical Infomatics	1	oda	2004
29	0	"Japan MSM Co., Ltd."	"Japan MSM Co., Ltd."	1	oda	2004
30	0	Japan Systems Create Ltd.	Japan Systems Create Ltd.	1	kumomi	2004
31	0	Keio University Media Center Head Office	Keio University Media Center Head Office	1	kumomi	2004
42	0	Nauka Ltd.	Nauka Ltd.	1	Yamazaki	2004
45	0	"Nippon Express Co., Ltd."	"Nippon Express Co., Ltd."	1	kumomi	2004
48	0	"Nippon Truck Co., Ltd."	"Nippon Truck Co., Ltd."	1	kumomi	2004
51	0	"NIWS Co., Ltd."	"NIWS Co., Ltd."	1	kumomi	2004
56	0	NTT Data System Service Corporation	NTT Data System Service Corporation	1	yamazaki	2004
63	0	"Sanyodo Books Co., Ltd."	"Sanyodo Books Co., Ltd."	1	kumomi	2004
76	0	TSR	TSR	1	kumomi	2004
95	0	"VENDOR SERVICE CO., LTD."	"VENDOR SERVICE CO., LTD."	1	yamazaki	2005
99	0	"Computer Applicationware Laboratory Co., Ltd."	"Computer Applicationware Laboratory Co., Ltd."	1	oda	2005
100	0	ITOCHU Techno-Solutions Corporation	ITOCHU Techno-Solutions Corporation	1	oda	2005
111	0	"TKU CO., LTD."	"TKU CO., LTD."	1	kumomi	2005
115	0	"Furuno Electric Co., Ltd."	"Furuno Electric Co., Ltd."	1	kumomi	2005
116	0	"Nippon Express Co., Ltd."	"Nippon Express Co., Ltd."	1	kumomi	2005
117	0	transcosmos inc.	transcosmos inc.	1	kumomi	2005
120	0	NewLib. Co.	NewLib. Co.	1	kumomi	2005
121	0	QUICK Corp.	QUICK Corp.	1	kumomi	2005
126	0	"Nittsu Shoji Co., Ltd."	"Nittsu Shoji Co., Ltd."	1	kumomi	2005
129	0	Nihon Kohden Corp.	Nihon Kohden Corp.	1	oda	2005
131	0	"Sanyodo Books Co., Ltd."	"Sanyodo Books Co., Ltd."	1	yamazaki	2005
136	0	"Century Leasing System Co., Ltd."	"Century Leasing System Co., Ltd."	1	kumomi	2005
142	0	NTT DATA SEKISUI SYSTEMS CORPORATION	NTT DATA SEKISUI SYSTEMS CORPORATION	1	yakushiji	2005
143	0	"Maruzen Co., Ltd."	"Maruzen Co., Ltd."	1	kumomi	2005
144	0	"HONDA R&D Co., Ltd. - Wako R&D Center"	"HONDA R&D Co., Ltd. - Wako R&D Center"	1	yoshitani	2005
146	0	"Japan Aviation Electronics Industry, Ltd."	"Japan Aviation Electronics Industry, Ltd."	1	kumomi	2005
150	0	"KISSEI COMTEC CO., LTD."	"KISSEI COMTEC CO., LTD."	1	kumomi	2005
153	0	Intel K.K.	Intel K.K.	1	oda	2005
156	0	"Mizuho Securities Co., Ltd."	"Mizuho Securities Co., Ltd."	1	kumomi	2005
157	0	NEC Aerospace Systems Ltd.	NEC Aerospace Systems Ltd.	1	yoshitani	2005
158	0	"Nippon Truck Co., Ltd."	"Nippon Truck Co., Ltd."	1	kumomi	2005
159	0	Hitachi System & Service	Hitachi System & Service	1	yamazaki	2005
162	0	"Plus-A Co., Ltd"	"Plus-A Co., Ltd"	1	kumomi	2005
164	0	Japan Association of Medical Infomatics	Japan Association of Medical Infomatics	1	oda	2005
165	0	Hitachi - Kawasaki	Hitachi - Kawasaki	1	kumomi	2005
167	0	Keio University Media Center Head Office	Keio University Media Center Head Office	1	kumomi	2005
171	0	TSR	TSR	1	kumomi	2005
184	0	"AEON Integrated Business Service Co., Ltd."	"AEON Integrated Business Service Co., Ltd."	1	yamazaki	2006
190	0	QUICK Corp.	QUICK Corp.	1	kumomi	2006
194	0	ITOCHU Techno-Solutions Corporation	ITOCHU Techno-Solutions Corporation	1	oda	2006
201	0	"VENDOR SERVICE CO., LTD."	"VENDOR SERVICE CO., LTD."	1	yakushiji	2006
205	0	"TKU CO., LTD."	"TKU CO., LTD."	1	kumomi	2006
207	0	"Nippon Express Co., Ltd."	"Nippon Express Co., Ltd."	1	kumomi	2006
211	0	"Computer Applicationware Laboratory Co., Ltd."	"Computer Applicationware Laboratory Co., Ltd."	1	kumomi	2006
216	0	"Sanyodo Books Co., Ltd."	"Sanyodo Books Co., Ltd."	1	kumomi	2006
217	0	Soka University	Soka University	1	kumomi	2006
218	0	"Nippon Truck Co., Ltd."	"Nippon Truck Co., Ltd."	1	kumomi	2006
219	0	NewLib. Co.	NewLib. Co.	1	kumomi	2006
221	0	NIHON Micronics Inc.	NIHON Micronics Inc.	1	kumomi	2006
227	0	"Sumitomo Electric System Solutions Co., Ltd."	"Sumitomo Electric System Solutions Co., Ltd."	1	kumomi	2006
229	0	"CIJ Next Co.,Ltd."	"CIJ Next Co.,Ltd."	1	kumomi	2006
231	0	Rikei Corporation	Rikei Corporation	1	yoshitani	2006
233	0	Auctech Inc.	Auctech Inc.	1	kumomi	2006
237	0	IDEA 21	IDEA 21	1	kumomi	2006
238	0	"Hitachi, Ltd."	"Hitachi, Ltd."	1	yamazaki	2006
239	0	FUJITSU LIMITED	FUJITSU LIMITED	1	oda	2006
240	0	"Shin Nippon Biomedical Laboratories, Ltd."	"Shin Nippon Biomedical Laboratories, Ltd."	1	kumomi	2006
247	0	"EC-One, Inc."	"EC-One, Inc."	1	yakushiji	2006
253	0	YAGIMOKU	YAGIMOKU	1	kumomi	2006
254	0	"Furuno Electric Co., Ltd."	"Furuno Electric Co., Ltd."	1	kumomi	2006
255	0	CSL	CSL	1	kumomi	2006
257	0	Vinculum Japan Corporation	Vinculum Japan Corporation	1	yakushiji	2006
259	0	"Neec System Technology Co., Ltd."	"Neec System Technology Co., Ltd."	1	yakushiji	2006
261	0	"HONDA R&D Co., Ltd. - Wako R&D Center"	"HONDA R&D Co., Ltd. - Wako R&D Center"	1	yakushiji	2006
262	0	SEIKO EPSON CORPORATION	SEIKO EPSON CORPORATION	1	yakushiji	2006
263	0	Works Solutions	Works Solutions	1	yoshitani	2006
264	0	Fab Solutions Company Limited	Fab Solutions Company Limited	1	yamazaki	2006
270	0	"MIS Co., Ltd."	"MIS Co., Ltd."	1	kumomi	2006
271	0	"Panasonic Electronic Devices Co., Ltd."	"Panasonic Electronic Devices Co., Ltd."	1	yakushiji	2006
272	0	PBJ Inc.	PBJ Inc.	1	yakushiji	2006
273	0	Keio University Media Center Head Office	Keio University Media Center Head Office	1	kumomi	2006
275	0	"Cosmo Medical System Co., Ltd."	"Cosmo Medical System Co., Ltd."	1	kumomi	2006
276	0	Max System Consult	Max System Consult	1	yakushiji	2006
277	0	"MEIDEN KOHSAN CO., LTD."	"MEIDEN KOHSAN CO., LTD."	1	yakushiji	2006
278	0	"Plus-A Co., Ltd"	"Plus-A Co., Ltd"	1	kumomi	2006
282	0	NTT Data Group	NTT Data Group	1	yakushiji	2007
298	0	ITOCHU Techno-Solutions Corporation	ITOCHU Techno-Solutions Corporation	1	yoshitani	2007
299	0	Soka University	Soka University	1	kumomi	2007
302	0	QUICK Corp.	QUICK Corp.	1	kumomi	2007
305	0	NTT Bizlink	NTT Bizlink	1	yoshitani	2007
311	0	"AEON Integrated Business Service Co., Ltd."	"AEON Integrated Business Service Co., Ltd."	1	kumomi	2007
312	0	"Chori Co., LTD."	"Chori Co., LTD."	1	yakushiji	2007
315	0	"VENDOR SERVICE CO., LTD."	"VENDOR SERVICE CO., LTD."	1	yakushiji	2007
319	0	Rikei Corporation	Rikei Corporation	1	oda	2007
323	0	"Nippon Express Co., Ltd."	"Nippon Express Co., Ltd."	1	yakushiji	2007
324	0	"Computer Applicationware Laboratory Co., Ltd."	"Computer Applicationware Laboratory Co., Ltd."	1	yoshitani	2007
327	0	SYSMEX CORPORATION	SYSMEX CORPORATION	1	kumomi	2007
329	0	ARI	ARI	1	kumomi	2007
330	0	"Sanyodo Books Co., Ltd."	"Sanyodo Books Co., Ltd."	1	kumomi	2007
333	0	"Mediceo Paltac Holdings Co., Ltd."	"Mediceo Paltac Holdings Co., Ltd."	1	kumomi	2007
334	0	"COSMO MEDICAL SYSTEM CO., LTD."	"COSMO MEDICAL SYSTEM CO., LTD."	1	oda	2007
335	0	"NIWS Co., Ltd."	"NIWS Co., Ltd."	1	yoshitani	2007
337	0	"KAMIJO MEDICAL INSTRUMENTS, INC."	"KAMIJO MEDICAL INSTRUMENTS, INC."	1	oda	2007
339	0	"Sumitomo Electric System Solutions Co., Ltd."	"Sumitomo Electric System Solutions Co., Ltd."	1	kumomi	2007
341	0	NewLib. Co.	NewLib. Co.	1	yakushiji	2007
342	0	"TKU CO., LTD."	"TKU CO., LTD."	1	yoshitani	2007
346	0	"NTT EAST-YAMAGATA Co., Ltd."	"NTT EAST-YAMAGATA Co., Ltd."	1	oda	2007
353	0	"Hikida Sangyo Co., Ltd."	"Hikida Sangyo Co., Ltd."	1	kumomi	2007
357	0	"Nippon Truck Co., Ltd."	"Nippon Truck Co., Ltd."	1	yakushiji	2007
358	0	"Furuno Electric Co., Ltd."	"Furuno Electric Co., Ltd."	1	kumomi	2007
359	0	Fujishoji Co.Ltd	Fujishoji Co.Ltd	1	kumomi	2007
365	0	UNIADEX Ltd.	UNIADEX Ltd.	1	oda	2007
366	0	WellDone System Inc.	WellDone System Inc.	1	yakushiji	2007
369	0	"HONDA R&D Co., Ltd. - Wako R&D Center"	"HONDA R&D Co., Ltd. - Wako R&D Center"	1	yakushiji	2007
370	0	"Panasonic Electronic Devices Co., Ltd."	"Panasonic Electronic Devices Co., Ltd."	1	yakushiji	2007
371	0	"CIJ Next Co.,Ltd."	"CIJ Next Co.,Ltd."	1	kumomi	2007
378	0	Auctech Inc.	Auctech Inc.	1	yakushiji	2007
379	0	FUJITSU SUPPORT AND SERVICE INC.	FUJITSU SUPPORT AND SERVICE INC.	1	oda	2007
380	0	INFOCOM CORPORATION	INFOCOM CORPORATION	1	kumomi	2007
381	0	"ROCKY Co., Ltd."	"ROCKY Co., Ltd."	1	kumomi	2007
382	0	Keio University Media Center Head Office	Keio University Media Center Head Office	1	kumomi	2007
385	0	"Plus-A Co., Ltd"	"Plus-A Co., Ltd"	1	kumomi	2007
393	0	NTT Data Group	NTT Data Group	1	yakushiji	2008
401	0	"AEON Integrated Business Service Co., Ltd."	"AEON Integrated Business Service Co., Ltd."	1	kumomi	2008
406	0	QUICK Corp.	QUICK Corp.	1	kumomi	2008
410	0	Soka University	Soka University	1	kumomi	2008
413	0	"VENDOR SERVICE CO., LTD."	"VENDOR SERVICE CO., LTD."	1	yakushiji	2008
418	0	NewLib. Co.	NewLib. Co.	1	yakushiji	2008
421	0	NTT Bizlink	NTT Bizlink	1	yakushiji	2008
424	0	"Nippon Express Co., Ltd."	"Nippon Express Co., Ltd."	1	yakushiji	2008
428	0	Okazaki City Medical Association	Okazaki City Medical Association	1	kota	2008
430	0	Lehman Brothers Japan Inc.	Lehman Brothers Japan Inc.	1	kota	2008
431	0	"TKU CO., LTD."	"TKU CO., LTD."	1	kumomi	2008
432	0	"Computer Applicationware Laboratory Co., Ltd."	"Computer Applicationware Laboratory Co., Ltd."	1	kumomi	2008
433	0	"Sanyodo Books Co., Ltd."	"Sanyodo Books Co., Ltd."	1	kumomi	2008
434	0	MVB	MVB	1	yakushiji	2008
437	0	"NIWS Co., Ltd."	"NIWS Co., Ltd."	1	yakushiji	2008
439	0	"TOKAI-SOFT Co., Ltd."	"TOKAI-SOFT Co., Ltd."	1	yakushiji	2008
440	0	"Joho Systems, LLC"	"Joho Systems, LLC"	1	yakushiji	2008
441	0	ARI	ARI	1	kumomi	2008
442	0	"Chori Co., LTD."	"Chori Co., LTD."	1	yakushiji	2008
444	0	"Sumitomo Electric System Solutions Co., Ltd."	"Sumitomo Electric System Solutions Co., Ltd."	1	kumomi	2008
445	0	TOKYO COMPUTER FIDELITY CORP.	TOKYO COMPUTER FIDELITY CORP.	1	yakushiji	2008
448	0	Mitsubishi Chemical Medience Corporation	Mitsubishi Chemical Medience Corporation	1	kumomi	2008
453	0	"FUJIFILM MEDICAL CO., LTD."	"FUJIFILM MEDICAL CO., LTD."	1	kumomi	2008
455	0	Idai Service Inc.	Idai Service Inc.	1	kota	2008
456	0	Auctech Inc.	Auctech Inc.	1	yakushiji	2008
457	0	TAIYO SYSTEM	TAIYO SYSTEM	1	kumomi	2008
458	0	"TOYO SYSTEM CO., LTD."	"TOYO SYSTEM CO., LTD."	1	kumomi	2008
461	0	"Nippon Truck Co., Ltd."	"Nippon Truck Co., Ltd."	1	yakushiji	2008
462	0	"Cosmo Medical System Co., Ltd."	"Cosmo Medical System Co., Ltd."	1	kumomi	2008
463	0	"Nippon Jimuki CO., LTD."	"Nippon Jimuki CO., LTD."	1	kumomi	2008
464	0	UNIADEX Ltd.	UNIADEX Ltd.	1	yakushiji	2008
468	0	Foundation Jiaikai	Foundation Jiaikai	1	kumomi	2008
469	0	"KAMIJO MEDICAL INSTRUMENTS, INC."	"KAMIJO MEDICAL INSTRUMENTS, INC."	1	kumomi	2008
470	0	Sophia Inc.	Sophia Inc.	1	kumomi	2008
471	0	"Furuno Electric Co., Ltd."	"Furuno Electric Co., Ltd."	1	kumomi	2008
475	0	"COSMO MEDICAL SYSTEM CO., LTD."	"COSMO MEDICAL SYSTEM CO., LTD."	1	kumomi	2008
476	0	"AsMediX Co.,Ltd."	"AsMediX Co.,Ltd."	1	kumomi	2008
477	0	"Mediceo Paltac Holdings Co., Ltd."	"Mediceo Paltac Holdings Co., Ltd."	1	kumomi	2008
478	0	Otsuka Pharmaceuticals Tokushima Research Center	Otsuka Pharmaceuticals Tokushima Research Center	1	yakushiji	2008
479	0	Rikei Corporation	Rikei Corporation	1	oda	2008
482	0	"NTT EAST-YAMAGATA Co., Ltd."	"NTT EAST-YAMAGATA Co., Ltd."	1	yakushiji	2008
483	0	"CIJ Next Co.,Ltd."	"CIJ Next Co.,Ltd."	1	kumomi	2008
486	0	AGREX INC.	AGREX INC.	1	kumomi	2008
491	0	INFOCOM CORPORATION	INFOCOM CORPORATION	1	kumomi	2008
492	0	Kagoshima Prefectural Comprehensive Health Center	Kagoshima Prefectural Comprehensive Health Center	1	kumomi	2008
493	0	Tokyo Healthcare University	Tokyo Healthcare University	1	kumomi	2008
494	0	Keio University Media Center Head Office	Keio University Media Center Head Office	1	kumomi	2008
498	0	"Plus-A Co., Ltd"	"Plus-A Co., Ltd"	1	kumomi	2008
501	0	Sodachi Hoikuen	Sodachi Hoikuen	1	yakushiji	2008
502	0	"Potato Software, Inc."	"Potato Software, Inc."	1	kumomi	2008
503	0	"Medical Information Co., Ltd."	"Medical Information Co., Ltd."	1	kumomi	2008
505	0	NTT DATA GROUP	NTT DATA GROUP	1	yakushiji	2009
520	0	QUICK Corp.	QUICK Corp.	1	kota	2009
524	0	"Macros Japan, Inc."	"Macros Japan, Inc."	1	kumomi	2009
526	0	"AEON Integrated Business Service Co., Ltd."	"AEON Integrated Business Service Co., Ltd."	1	kota	2009
532	0	NewLib. Co.	NewLib. Co.	1	yakushiji	2009
537	0	Soka University	Soka University	1	kumomi	2009
539	0	NTT Bizlink	NTT Bizlink	1	yakushiji	2009
543	0	"Nippon Express Co., Ltd."	"Nippon Express Co., Ltd."	1	yakushiji	2009
545	0	Japan Association of Medical Informatics	Japan Association of Medical Informatics	1	kota	2009
546	0	KYUSHU UNIVERSITY	KYUSHU UNIVERSITY	1	yakushiji	2009
550	0	CME	CME	1	kumomi	2009
551	0	"Sanyodo Books Co., Ltd."	"Sanyodo Books Co., Ltd."	1	kumomi	2009
552	0	The University of Aizu	The University of Aizu	1	kota	2009
553	0	"Nippon Jimuki CO., LTD."	"Nippon Jimuki CO., LTD."	1	kumomi	2009
555	0	"Chori Com Co., Ltd."	"Chori Com Co., Ltd."	1	yakushiji	2009
556	0	Sophia Inc.	Sophia Inc.	1	kumomi	2009
557	0	Rikei Corporation	Rikei Corporation	1	yakushiji	2009
563	0	Medi Plus	Medi Plus	1	yakushiji	2009
569	0	"Bits Co., Ltd."	"Bits Co., Ltd."	1	yakushiji	2009
574	0	Fujishoji Co.Ltd	Fujishoji Co.Ltd	1	kumomi	2009
576	0	ARTHUR Inc.	ARTHUR Inc.	1	kumomi	2009
577	0	"TKU CO., LTD."	"TKU CO., LTD."	1	kumomi	2009
578	0	"KAMIJO MEDICAL INSTRUMENTS, INC."	"KAMIJO MEDICAL INSTRUMENTS, INC."	1	kumomi	2009
579	0	Win Medical Support Center Inc.	Win Medical Support Center Inc.	1	kumomi	2009
580	0	"Nippon Truck Co., Ltd."	"Nippon Truck Co., Ltd."	1	yakushiji	2009
585	0	MVB	MVB	1	yakushiji	2009
586	0	OMRON Corporation	OMRON Corporation	1	kota	2009
587	0	"SUMITA Optical Glass, Inc."	"SUMITA Optical Glass, Inc."	1	kota	2009
589	0	SPREAD	SPREAD	1	kumomi	2009
590	0	"NIHON ADVANCED SYSTEM CO., LTD."	"NIHON ADVANCED SYSTEM CO., LTD."	1	kumomi	2009
591	0	"Symbiosis International, Inc."	"Symbiosis International, Inc."	1	kumomi	2009
592	0	"NTT EAST-YAMAGATA Co., Ltd."	"NTT EAST-YAMAGATA Co., Ltd."	1	yakushiji	2009
593	0	"Hikida Sangyo Co., Ltd."	"Hikida Sangyo Co., Ltd."	1	kumomi	2009
594	0	"SGI Japan, Ltd."	"SGI Japan, Ltd."	1	kumomi	2009
595	0	TAIYO SYSTEM	TAIYO SYSTEM	1	kumomi	2009
599	0	Ajinomoto Packaging Corporation	Ajinomoto Packaging Corporation	1	yakushiji	2009
600	0	Tokyo Healthcare University	Tokyo Healthcare University	1	kota	2009
601	0	Keio University Media Center Head Office	Keio University Media Center Head Office	1	kumomi	2009
605	0	Sodachi Hoikuen	Sodachi Hoikuen	1	yakushiji	2009
606	0	"Plus-A Co., Ltd"	"Plus-A Co., Ltd"	1	kumomi	2009
612	0	NTT DATA GROUP	NTT DATA GROUP	1	yakushiji	2010
616	0	"AEON Integrated Business Service Co., Ltd."	"AEON Integrated Business Service Co., Ltd."	1	kota	2010
617	0	QUICK Corp.	QUICK Corp.	1	yakushiji	2010
627	0	KYUSHU UNIVERSITY	KYUSHU UNIVERSITY	1	yakushiji	2010
643	0	"Macros Japan, Inc."	"Macros Japan, Inc."	1	kumomi	2010
645	0	Soka University	Soka University	1	kumomi	2010
648	0	NewLib. Co.	NewLib. Co.	1	yakushiji	2010
653	0	CME	CME	1	kumomi	2010
654	0	Japan Association of Medical Informatics	Japan Association of Medical Informatics	1	kota	2010
655	0	MVB	MVB	1	yakushiji	2010
657	0	"SYSTEX Co., LTD."	"SYSTEX Co., LTD."	1	yakushiji	2010
658	0	"Nippon Express Co., Ltd."	"Nippon Express Co., Ltd."	1	yakushiji	2010
660	0	"Sanyodo Books Co., Ltd."	"Sanyodo Books Co., Ltd."	1	kumomi	2010
666	0	Rikei Corporation	Rikei Corporation	1	yakushiji	2010
667	0	E-Melon Solutions	E-Melon Solutions	1	yakushiji	2010
668	0	"SATT, Inc."	"SATT, Inc."	1	kumomi	2010
670	0	TSR	TSR	1	yakushiji	2010
671	0	"WISEMAN Co.,Ltd."	"WISEMAN Co.,Ltd."	1	yakushiji	2010
672	0	"Solcom, Inc."	"Solcom, Inc."	1	yakushiji	2010
673	0	"Nippon Truck Co., Ltd."	"Nippon Truck Co., Ltd."	1	yakushiji	2010
675	0	TOPPAN M&I LTD.	TOPPAN M&I LTD.	1	kota	2010
678	0	"Chori Co., LTD."	"Chori Co., LTD."	1	yakushiji	2010
683	0	ARI	ARI	1	kumomi	2010
684	0	"Shin Nippon Biomedical Laboratories, Ltd."	"Shin Nippon Biomedical Laboratories, Ltd."	1	kota	2010
685	0	"TOYO SYSTEM CO., LTD."	"TOYO SYSTEM CO., LTD."	1	kumomi	2010
686	0	AGREX INC.	AGREX INC.	1	kumomi	2010
687	0	Nagoya University	Nagoya University	1	yakushiji	2010
688	0	"MED-1Asia Co., Ltd."	"MED-1Asia Co., Ltd."	1	kumomi	2010
689	0	"Mediceo Paltac Holdings Co., Ltd."	"Mediceo Paltac Holdings Co., Ltd."	1	kumomi	2010
690	0	Sophia Inc.	Sophia Inc.	1	kumomi	2010
691	0	Yamaguchi University	Yamaguchi University	1	kumomi	2010
695	0	Kurume University	Kurume University	1	kota	2010
698	0	"CIJ Next Co.,Ltd."	"CIJ Next Co.,Ltd."	1	kumomi	2010
699	0	Splend Research	Splend Research	1	kumomi	2010
700	0	"Joho Systems, LLC"	"Joho Systems, LLC"	1	yakushiji	2010
701	0	"NTT EAST-YAMAGATA Co., Ltd."	"NTT EAST-YAMAGATA Co., Ltd."	1	yakushiji	2010
703	0	"IBS Co., Ltd."	"IBS Co., Ltd."	1	kumomi	2010
705	0	TAIYO SYSTEM	TAIYO SYSTEM	1	kumomi	2010
707	0	"KAMIJO MEDICAL INSTRUMENTS, INC."	"KAMIJO MEDICAL INSTRUMENTS, INC."	1	kumomi	2010
709	0	Advanced Industrial Science and Technology	Advanced Industrial Science and Technology	1	yakushiji	2010
712	0	Win Medical Support Center Inc.	Win Medical Support Center Inc.	1	kumomi	2010
713	0	"Plus-A Co., Ltd"	"Plus-A Co., Ltd"	1	kumomi	2010
715	0	Sodachi Hoikuen	Sodachi Hoikuen	1	kumomi	2010
722	0	NTT Data Group	NTT Data Group	1	yakushiji	2011
724	0	"AEON Integrated Business Service Co., Ltd."	"AEON Integrated Business Service Co., Ltd."	1	kota	2011
727	0	Yamani System Service Corporation	Yamani System Service Corporation	1	yakushiji	2011
734	0	Soka University	Soka University	1	kumomi	2011
738	0	QUICK Corp.	QUICK Corp.	1	kota	2011
742	0	"UL Systems, Inc."	"UL Systems, Inc."	1	yakushiji	2011
752	0	NTT BizLink	NTT BizLink	1	yakushiji	2011
755	0	"Macros Japan, Inc."	"Macros Japan, Inc."	1	kumomi	2011
757	0	Japan Association of Medical Informatics	Japan Association of Medical Informatics	1	kota	2011
760	0	"CIJ Next Co.,Ltd."	"CIJ Next Co.,Ltd."	1	kumomi	2011
762	0	"Duarcanum, Inc."	"Duarcanum, Inc."	1	yakushiji	2011
763	0	MVB	MVB	1	yakushiji	2011
767	0	"Sanyodo Books Co., Ltd."	"Sanyodo Books Co., Ltd."	1	kumomi	2011
769	0	CME	CME	1	kumomi	2011
770	0	Dokkyo Medical University	Dokkyo Medical University	1	kumomi	2011
771	0	NITTSU TRANSPORT	NITTSU TRANSPORT	1	yakushiji	2011
775	0	Tokai University School of Medicine	Tokai University School of Medicine	1	kumomi	2011
777	0	"Chori Co., LTD."	"Chori Co., LTD."	1	yakushiji	2011
778	0	MEDICEO CORPORATION	MEDICEO CORPORATION	1	kumomi	2011
781	0	"Bits Co., Ltd."	"Bits Co., Ltd."	1	yakushiji	2011
785	0	"SYSTEX Co., LTD."	"SYSTEX Co., LTD."	1	yakushiji	2011
786	0	Sophia Inc.	Sophia Inc.	1	kumomi	2011
787	0	AGREX INC.	AGREX INC.	1	kumomi	2011
792	0	Jichi Medical University	Jichi Medical University	1	kota	2011
793	0	"WISEMAN Co.,Ltd."	"WISEMAN Co.,Ltd."	1	yakushiji	2011
796	0	Polytechnic University	Polytechnic University	1	kumomi	2011
797	0	TAIYO SYSTEM	TAIYO SYSTEM	1	kumomi	2011
798	0	"SATT, Inc."	"SATT, Inc."	1	kumomi	2011
799	0	"NTT EAST-YAMAGATA Co., Ltd."	"NTT EAST-YAMAGATA Co., Ltd."	1	yakushiji	2011
800	0	Heiikukai	Heiikukai	1	kota	2011
803	0	Brother Health Insurance Society	Brother Health Insurance Society	1	kota	2011
807	0	"MED-1Asia Co., Ltd."	"MED-1Asia Co., Ltd."	1	kumomi	2011
808	0	Win Medical Support Center Inc.	Win Medical Support Center Inc.	1	kumomi	2011
809	0	Idai Service Inc.	Idai Service Inc.	1	kota	2011
810	0	Tokyo Healthcare University	Tokyo Healthcare University	1	kota	2011
811	0	"Plus-A Co., Ltd"	"Plus-A Co., Ltd"	1	kumomi	2011
813	0	E-Melon Solutions	E-Melon Solutions	1	yakushiji	2011
815	0	NTT Data Group	NTT Data Group	1	yakushiji	2012
824	0	"AEON Integrated Business Service Co., Ltd."	"AEON Integrated Business Service Co., Ltd."	1	kota	2012
832	0	Yamani System Service Corporation	Yamani System Service Corporation	1	kota	2012
836	0	"UL Systems, Inc."	"UL Systems, Inc."	1	yakushiji	2012
837	0	QUICK Corp.	QUICK Corp.	1	yakushiji	2012
843	0	"Macros Japan, Inc."	"Macros Japan, Inc."	1	kumomi	2012
847	0	AstroStage Inc.	AstroStage Inc.	1	yakushiji	2012
850	0	"VENDOR SERVICE CO., LTD."	"VENDOR SERVICE CO., LTD."	1	yakushiji	2012
853	0	Soka University	Soka University	1	kumomi	2012
861	0	Japan Association of Medical Informatics	Japan Association of Medical Informatics	1	kota	2012
863	0	"Chuo Denshi Kougaku Co., Ltd."	"Chuo Denshi Kougaku Co., Ltd."	1	yakushiji	2012
868	0	National Cerebral and Cardiovascular Center	National Cerebral and Cardiovascular Center	1	kumomi	2012
869	0	"WISEMAN Co.,Ltd."	"WISEMAN Co.,Ltd."	1	yakushiji	2012
870	0	"Nippon Jimuki CO., LTD."	"Nippon Jimuki CO., LTD."	1	kumomi	2012
871	0	Techno Quartz Inc.	Techno Quartz Inc.	1	yakushiji	2012
874	0	Kobe City Medical Center General Hospital	Kobe City Medical Center General Hospital	1	kumomi	2012
876	0	MVB	MVB	1	yakushiji	2012
881	0	"Chori Co., LTD."	"Chori Co., LTD."	1	yakushiji	2012
883	0	"CIJ Next Co., Ltd."	"CIJ Next Co., Ltd."	1	kumomi	2012
884	0	CME	CME	1	kumomi	2012
888	0	PRO&BSC Inc.	PRO&BSC Inc.	1	yakushiji	2012
889	0	"Duarcanum, Inc."	"Duarcanum, Inc."	1	yakushiji	2012
890	0	Win Medical Support Center Inc.	Win Medical Support Center Inc.	1	kumomi	2012
891	0	"SYSTEX Co., LTD."	"SYSTEX Co., LTD."	1	yakushiji	2012
892	0	Sophia Inc.	Sophia Inc.	1	kumomi	2012
893	0	AGREX INC.	AGREX INC.	1	kumomi	2012
895	0	TAIYO SYSTEM	TAIYO SYSTEM	1	kumomi	2012
896	0	"SATT, Inc."	"SATT, Inc."	1	kumomi	2012
899	0	"NTT EAST-YAMAGATA Co., Ltd."	"NTT EAST-YAMAGATA Co., Ltd."	1	yakushiji	2012
901	0	"Bits Co., Ltd."	"Bits Co., Ltd."	1	yakushiji	2012
903	0	Yokohama Silver Plaza	Yokohama Silver Plaza	1	kumomi	2012
907	0	"MED-1Asia Co., Ltd."	"MED-1Asia Co., Ltd."	1	kumomi	2012
908	0	"Plus-A Co., Ltd"	"Plus-A Co., Ltd"	1	kumomi	2012
916	0	NTT Group	NTT Group	1	yakushiji	2013
920	0	"AEON Integrated Business Service Co., Ltd."	"AEON Integrated Business Service Co., Ltd."	1	kota	2013
926	0	QUICK Corp.	QUICK Corp.	1	yakushiji	2013
940	0	"Macros Japan, Inc."	"Macros Japan, Inc."	1	kumomi	2013
945	0	"IC-Solutions.Co.,Ltd"	"IC-Solutions.Co.,Ltd"	1	kota	2013
946	0	AGREX INC.	AGREX INC.	1	kumomi	2013
948	0	Soka University	Soka University	1	kumomi	2013
957	0	Japan Association of Medical Informatics	Japan Association of Medical Informatics	1	kota	2013
960	0	PSP Corporation	PSP Corporation	1	nanbu	2013
963	0	"Duarcanum, Inc."	"Duarcanum, Inc."	1	yakushiji	2013
969	0	Keyware Solutions Inc.	Keyware Solutions Inc.	1	konki	2013
971	0	Tokyo Healthcare University	Tokyo Healthcare University	1	konki	2013
972	0	MVB	MVB	1	yakushiji	2013
973	0	"TKU CO., LTD."	"TKU CO., LTD."	1	kumomi	2013
979	0	"Bits Co., Ltd."	"Bits Co., Ltd."	1	kumomi	2013
980	0	Harbor Software Co.	Harbor Software Co.	1	nanbu	2013
981	0	NewLib. Co.	NewLib. Co.	1	yakushiji	2013
984	0	"Hitachi, Ltd."	"Hitachi, Ltd."	1	konki	2013
986	0	"Chori Co., LTD."	"Chori Co., LTD."	1	yakushiji	2013
987	0	Jichi Medical University	Jichi Medical University	1	yakushiji	2013
989	0	"CIJ Next Co., Ltd."	"CIJ Next Co., Ltd."	1	kumomi	2013
990	0	"ICS Co.,Ltd."	"ICS Co.,Ltd."	1	konki	2013
991	0	"Hitachi Procurement Service Co., Ltd."	"Hitachi Procurement Service Co., Ltd."	1	konki	2013
992	0	CME	CME	1	kumomi	2013
994	0	MAIN CORPORATION	MAIN CORPORATION	1	yakushiji	2013
995	0	Kansai Univ. of Welfare Sciences Takahasi Lab.	Kansai Univ. of Welfare Sciences Takahasi Lab.	1	nanbu	2013
996	0	MEDIPLUS	MEDIPLUS	1	yakushiji	2013
997	0	"Systembit Co., Ltd."	"Systembit Co., Ltd."	1	kumomi	2013
998	0	Sophia Inc.	Sophia Inc.	1	kumomi	2013
1000	0	TAIYO SYSTEM	TAIYO SYSTEM	1	nanbu	2013
1001	0	"SATT, Inc."	"SATT, Inc."	1	kumomi	2013
1004	0	"NTT EAST-YAMAGATA Co., Ltd."	"NTT EAST-YAMAGATA Co., Ltd."	1	yakushiji	2013
1005	0	Win Medical Support Center Inc.	Win Medical Support Center Inc.	1	kumomi	2013
1011	0	"MED-1Asia Co., Ltd."	"MED-1Asia Co., Ltd."	1	kumomi	2013
1012	0	"Plus-A Co., Ltd"	"Plus-A Co., Ltd"	1	kumomi	2013
1014	0	NTT Data Group	NTT Data Group	1	yakushiji	2014
1023	0	"AEON Integrated Business Service Co., Ltd."	"AEON Integrated Business Service Co., Ltd."	1	kota	2014
1034	0	QUICK Corp.	QUICK Corp.	1	yakushiji	2014
1039	0	"Macros Japan, Inc."	"Macros Japan, Inc."	1	kumomi	2014
1050	0	Soka University	Soka University	1	kumomi	2014
1059	0	"UNIADEX, Ltd."	"UNIADEX, Ltd."	1	kota	2014
1063	0	Hokkaido University	Hokkaido University	1	kumomi	2014
1065	0	Japan Association of Medical Informatics	Japan Association of Medical Informatics	1	kota	2014
1067	0	AGREX INC.	AGREX INC.	1	kumomi	2014
1070	0	Medical IT Laboratory	Medical IT Laboratory	1	nanbu	2014
1071	0	Gunma University Hospital	Gunma University Hospital	1	yakushiji	2014
1075	0	"Hitachi Procurement Service Co., Ltd."	"Hitachi Procurement Service Co., Ltd."	1	konki	2014
1077	0	MVB	MVB	1	yakushiji	2014
1078	0	"NEC Solution Innovators, Ltd."	"NEC Solution Innovators, Ltd."	1	konki	2014
1080	0	"Duarcanum, Inc."	"Duarcanum, Inc."	1	yakushiji	2014
1081	0	NewLib. Co.	NewLib. Co.	1	kumomi	2014
1082	0	"Chori Co., LTD."	"Chori Co., LTD."	1	yakushiji	2014
1084	0	"CIJ Next Co., Ltd."	"CIJ Next Co., Ltd."	1	kumomi	2014
1085	0	Tokyo Healthcare University	Tokyo Healthcare University	1	konki	2014
1090	0	Keyware Solutions Inc.	Keyware Solutions Inc.	1	konki	2014
1091	0	"Bits Co., Ltd."	"Bits Co., Ltd."	1	kumomi	2014
1092	0	NEC Corporation	NEC Corporation	1	konki	2014
1095	0	Next Arise	Next Arise	1	kumomi	2014
1096	0	Hiroshima Red Cross Hospital & Atomatic-Bomb Survivors Hospital	Hiroshima Red Cross Hospital & Atomatic-Bomb Survivors Hospital	1	konki	2014
1097	0	"SATT, Inc."	"SATT, Inc."	1	kumomi	2014
1100	0	Win Medical Support Center Inc.	Win Medical Support Center Inc.	1	kumomi	2014
1105	0	"MED-1Asia Co., Ltd."	"MED-1Asia Co., Ltd."	1	kumomi	2014
1106	0	"Plus-A Co., Ltd"	"Plus-A Co., Ltd"	1	kumomi	2014
1110	0	NTT Data Group	NTT Data Group	1	yakushiji	2015
1118	0	"AEON Integrated Business Service Co., Ltd."	"AEON Integrated Business Service Co., Ltd."	1	konki	2015
1122	0	Keyware Solutions Inc.	Keyware Solutions Inc.	1	konki	2015
1125	0	WISEMAN Co.Ltd.	WISEMAN Co.Ltd.	1	yakushiji	2015
1126	0	QUICK Corp.	QUICK Corp.	1	yakushiji	2015
1133	0	National Cerebral and Cardiovascular Center	National Cerebral and Cardiovascular Center	1	konki	2015
1136	0	Club Tourism International Inc.	Club Tourism International Inc.	1	yakushiji	2015
1139	0	"Macros Japan, Inc."	"Macros Japan, Inc."	1	kumomi	2015
1142	0	"Systembit Co., Ltd."	"Systembit Co., Ltd."	1	kumomi	2015
1149	0	Soka University	Soka University	1	kumomi	2015
1157	0	Japan Association of Medical Informatics	Japan Association of Medical Informatics	1	kota	2015
1159	0	TOSHIBA INFORMATION SYSTEMS CORPORATION	TOSHIBA INFORMATION SYSTEMS CORPORATION	1	kota	2015
1161	0	NTT DATA TERANOS CORPORATION	NTT DATA TERANOS CORPORATION	1	yakushiji	2015
1166	0	"UNIADEX, Ltd."	"UNIADEX, Ltd."	1	kota	2015
1169	0	"CIJ Next Co., Ltd."	"CIJ Next Co., Ltd."	1	kumomi	2015
1174	0	MVB	MVB	1	yakushiji	2015
1175	0	OK Corporation	OK Corporation	1	yakushiji	2015
1176	0	"Duarcanum, Inc."	"Duarcanum, Inc."	1	yakushiji	2015
1177	0	"LEAD Co.,Ltd."	"LEAD Co.,Ltd."	1	konki	2015
1178	0	"Chori Co., LTD."	"Chori Co., LTD."	1	yakushiji	2015
1180	0	Tokyo Healthcare University	Tokyo Healthcare University	1	konki	2015
1181	0	"Hitachi Procurement Service Co., Ltd."	"Hitachi Procurement Service Co., Ltd."	1	konki	2015
1182	0	SCAM	SCAM	1	yakushiji	2015
1185	0	"Hitachi Solutions West Japan, Ltd."	"Hitachi Solutions West Japan, Ltd."	1	konki	2015
1188	0	Fujishoji Co.Ltd	Fujishoji Co.Ltd	1	kumomi	2015
1189	0	"Osaka Kessei Research Laboratories, Inc."	"Osaka Kessei Research Laboratories, Inc."	1	kota	2015
1190	0	"SATT, Inc."	"SATT, Inc."	1	kumomi	2015
1192	0	Win Medical Support Center Inc.	Win Medical Support Center Inc.	1	kumomi	2015
1193	0	"MEDICINA, Inc."	"MEDICINA, Inc."	1	kumomi	2015
1194	0	AGREX INC.	AGREX INC.	1	kumomi	2015
1201	0	Cosmotec Patent Information Systems Inc.	Cosmotec Patent Information Systems Inc.	1	kota	2015
1295	0	NTT Data Group	NTT Data Group	1	yakushiji	2017
1299	0	"AEON Integrated Business Service Co., Ltd."	"AEON Integrated Business Service Co., Ltd."	1	konki	2017
1304	0	QUICK Corp.	QUICK Corp.	1	yakushiji	2017
1319	0	SYSMEX CORPORATION	SYSMEX CORPORATION	1	nanbu	2017
1321	0	Club Tourism International Inc.	Club Tourism International Inc.	1	yakushiji	2017
1324	0	Soka University	Soka University	1	kumomi	2017
1333	0	"Macros Japan, Inc."	"Macros Japan, Inc."	1	kumomi	2017
1335	0	Japan Association of Medical Informatics	Japan Association of Medical Informatics	1	kota	2017
1340	0	"Hitachi Solutions West Japan, Ltd."	"Hitachi Solutions West Japan, Ltd."	1	konki	2017
1346	0	Kobe City Medical Center General Hospital	Kobe City Medical Center General Hospital	1	nanbu	2017
1348	0	"TKU CO., LTD."	"TKU CO., LTD."	1	kumomi	2017
1351	0	"Duarcanum, Inc."	"Duarcanum, Inc."	1	yakushiji	2017
1354	0	CTC TECHNOLOGY Corporation	CTC TECHNOLOGY Corporation	1	kumomi	2017
1355	0	"Chori Co., LTD."	"Chori Co., LTD."	1	yakushiji	2017
1358	0	"Hitachi Procurement Service Co., Ltd."	"Hitachi Procurement Service Co., Ltd."	1	konki	2017
1359	0	Tokyo Healthcare University	Tokyo Healthcare University	1	konki	2017
1360	0	MVB	MVB	1	yakushiji	2017
1361	0	"CIJ Next Co., Ltd."	"CIJ Next Co., Ltd."	1	kumomi	2017
1363	0	"MEDICINA, Inc."	"MEDICINA, Inc."	1	kumomi	2017
1367	0	Jichi Medical University	Jichi Medical University	1	yakushiji	2017
1369	0	Fujishoji Co.Ltd	Fujishoji Co.Ltd	1	kumomi	2017
1371	0	Japan College of Rheumatology	Japan College of Rheumatology	1	kumomi	2017
1459	0	NTT Data Group	NTT Data Group	1	yakushiji	2019
1460	0	Canon Medical Systems Corporation	Canon Medical Systems Corporation	1	konki	2019
1463	0	Murata Group	Murata Group	1	yakushiji	2019
1471	0	"AEON Integrated Business Service Co., Ltd."	"AEON Integrated Business Service Co., Ltd."	1	yakushiji	2019
1474	0	QUICK Corp.	QUICK Corp.	1	yakushiji	2019
1475	0	Mitsui E&S Systems Research Inc.	Mitsui E&S Systems Research Inc.	1	yakushiji	2019
1477	0	"DXC Technology Japan, Ltd."	"DXC Technology Japan, Ltd."	1	yakushiji	2019
1479	0	Iwate Medical University	Iwate Medical University	1	nanbu	2019
1480	0	IUK Inc.	IUK Inc.	1	konki	2019
1486	0	VIAMS Inc.	VIAMS Inc.	1	kumomi	2019
1499	0	Gunma University Hospital	Gunma University Hospital	1	konki	2019
1500	0	Soka University	Soka University	1	kumomi	2019
1508	0	Chiba Foundation for Health Promotion & Disease Prevention	Chiba Foundation for Health Promotion & Disease Prevention	1	konki	2019
1511	0	"HOKUYU MEDICS Co.,Ltd."	"HOKUYU MEDICS Co.,Ltd."	1	kota	2019
1513	0	Olympus Corporation	Olympus Corporation	1	kota	2019
1518	0	Tohoku University Hospital	Tohoku University Hospital	1	konki	2019
1519	0	Club Tourism International Inc.	Club Tourism International Inc.	1	yakushiji	2019
1522	0	TIS Inc.	TIS Inc.	1	nanbu	2019
1523	0	D.A.Consortium Inc.	D.A.Consortium Inc.	1	kota	2019
1525	0	"Next Energy & Resources Co., Ltd."	"Next Energy & Resources Co., Ltd."	1	kota	2019
1526	0	Japan Association of Medical Informatics	Japan Association of Medical Informatics	1	kota	2019
1528	0	"Duarcanum, Inc."	"Duarcanum, Inc."	1	yakushiji	2019
1529	0	Chuo University	Chuo University	1	kota	2019
1530	0	NS Solutions Corporation	NS Solutions Corporation	1	yakushiji	2019
1531	0	Sanritsu	Sanritsu	1	konki	2019
1532	0	UPCROSS Inc.	UPCROSS Inc.	1	yakushiji	2019
1534	0	Tokyo Healthcare University	Tokyo Healthcare University	1	konki	2019
1535	0	MVB	MVB	1	yakushiji	2019
1536	0	"CIJ Next Co., Ltd."	"CIJ Next Co., Ltd."	1	kumomi	2019
1540	0	The University of Tokyo	The University of Tokyo	1	konki	2019
1542	0	"OTSUKA PHARMACEUTICALS CO., LTD."	"OTSUKA PHARMACEUTICALS CO., LTD."	1	yakushiji	2019
1543	0	"SATT, Inc."	"SATT, Inc."	1	kumomi	2019
1545	0	Japan College of Rheumatology	Japan College of Rheumatology	1	kumomi	2019
1547	0	Okazaki City Medical Association	Okazaki City Medical Association	1	nanbu	2019
